model,model_dir,arm,BiologicalAgent_precision_mean,BiologicalAgent_precision_std,BiologicalAgent_recall_mean,BiologicalAgent_recall_std,BiologicalAgent_f1_mean,BiologicalAgent_f1_std,TechnicalAgent_precision_mean,TechnicalAgent_precision_std,TechnicalAgent_recall_mean,TechnicalAgent_recall_std,TechnicalAgent_f1_mean,TechnicalAgent_f1_std,ExperimentalDesignAgent_precision_mean,ExperimentalDesignAgent_precision_std,ExperimentalDesignAgent_recall_mean,ExperimentalDesignAgent_recall_std,ExperimentalDesignAgent_f1_mean,ExperimentalDesignAgent_f1_std,overall_precision_mean,overall_precision_std,overall_recall_mean,overall_recall_std,overall_f1_mean,overall_f1_std,n_replicates,lin_overall_mean,lin_overall_std,lin_BiologicalAgent_mean,lin_BiologicalAgent_std,lin_TechnicalAgent_mean,lin_TechnicalAgent_std,n_pairs_per_replicate,non_unknown_fields_mean,non_unknown_fields_sd_across_replicates,slots,unanimity_all_slots,unanimity_informative_slots,n_informative_slots
GLM-4.7,glm4_7,S0,1.0,0.0,0.2237442922374429,0.0617705445592177,0.3629040045375071,0.0822790542325936,0.9791666666666666,0.0360843918243515,0.2333333333333333,0.0288675134594812,0.3760233918128655,0.0370642149181071,0.5238095238095238,0.108169682777148,0.0652173913043478,0.0217391304347826,0.115673942532988,0.0362962571812823,0.8343253968253967,0.03337759249898,0.1740983389583747,0.0362961325118924,0.2848671129611202,0.0501545085767787,3,0.21999519504432244,0.05203581244810025,0.23407919724887452,0.06349646440162092,0.20361176390841496,0.03948238575391045,106.0,9.375,1.27212922189597,43,0.5116279069767442,0.5116279069767442,43
GLM-4.7,glm4_7,S1,0.9583333333333334,0.0090210979560879,0.8401826484018264,0.0079089077971181,0.8953771289537714,0.0084284710830602,0.9107402031930332,0.0119408437386823,0.7944444444444444,0.0192450089729875,0.8486093552465235,0.0161490198556517,0.7412280701754387,0.0075967140682846,0.3115942028985507,0.0125510928084701,0.4386946386946386,0.0137272091975155,0.8701005355672683,0.0095195519210182,0.6487404319149405,0.0132350031928585,0.7275603742983111,0.0127682333787424,3,0.6809324501621989,0.0020781832751597465,0.7412548563301523,0.011049758702288226,0.6107614878851918,0.010406681380642324,106.0,13.022222222222222,0.15396007178389964,960,0.953125,0.8880597014925373,402
GLM-4.7,glm4_7,S2,0.9210482804232804,0.0007159601552451,0.7990867579908675,0.0079089077971181,0.8557320738514383,0.0048339760623433,0.9482758620689656,0.0,0.9166666666666666,0.0,0.9322033898305084,0.0,0.5333333333333333,0.0,0.5217391304347826,0.0,0.5274725274725275,0.0,0.8008858252751931,0.0002386533850816,0.745830851697439,0.0026363025990394,0.7718026637181582,0.0016113253541145,3,0.799585775028818,0.0018056503779992062,0.7339211908198419,0.0033578761415424077,0.8759711076800761,0.0,106.0,20.81111111111111,0.08388704928078487,960,0.9291666666666667,0.8918918918918919,629
GLM-4.7,glm4_7,S3,0.92146164021164,0.0007159601552451,0.8036529680365296,0.0079089077971182,0.8585229712322885,0.0048339760623433,0.9482758620689656,0.0,0.9166666666666666,0.0,0.9322033898305084,0.0,0.5333333333333333,0.0222222222222222,0.5217391304347826,0.0217391304347825,0.5274725274725275,0.021978021978022,0.801023611871313,0.0076150222780859,0.7473529217126597,0.0096202155319444,0.7727329628451082,0.008758589349648,3,0.7940439884372456,0.004886817655503119,0.7341308504071432,0.0031918366055594155,0.8637388632885892,0.010791830914854444,106.0,20.833333333333332,0.12018504251546687,960,0.9239583333333333,0.8850393700787401,635
GLM-4.7,glm4_7,S4,0.931960978835979,0.008748787018949,0.8127853881278538,0.0079089077971181,0.868291112065264,0.007320549640029,0.9482758620689656,0.0,0.9166666666666666,0.0,0.9322033898305084,0.0,0.5555555555555556,0.0,0.5434782608695652,0.0,0.5494505494505495,0.0,0.8119307988201667,0.0029162623396496,0.7576434385546952,0.0026363025990394,0.7833150171154406,0.0024401832133429,3,0.7989963897661064,0.0019397532320503108,0.7433405791941476,0.012862946371085966,0.8637388632885892,0.010791830914854444,106.0,20.91111111111111,0.15030832509409686,960,0.9260416666666667,0.8885400313971743,637
GLM-4.7,glm4_7,S5,0.8082191780821918,0.0136986301369862,0.8082191780821918,0.0136986301369862,0.8082191780821918,0.0136986301369863,0.9482758620689656,0.0,0.9166666666666666,0.0,0.9322033898305084,0.0,0.5515297906602253,0.0232905025594391,0.5434782608695652,0.0217391304347825,0.5474597865902213,0.0222468618093563,0.769341610270461,0.0098266733784834,0.7561213685394744,0.0103173993655605,0.762627451500974,0.0100101723254774,3,0.7968553083084028,0.006829377597912104,0.7393589189394708,0.007883477462771639,0.8637388632885892,0.010791830914854444,106.0,20.955555555555556,0.15752718754175407,960,0.921875,0.8826291079812206,639
Gemma 4 31B,gemma4_31b,S0,0.9656953117256418,0.0178610340225047,0.776255707762557,0.0316356311884726,0.8605791868949764,0.0260267100924201,0.957905982905983,0.0284974171330776,0.6277777777777778,0.0096225044864937,0.7584511784511783,0.0159791892684804,0.6230936819172114,0.0593056975547546,0.2391304347826086,0.0217391304347826,0.3455687830687831,0.0314083812947098,0.8488983255162786,0.0127136179720737,0.5477213067743145,0.0083087603136793,0.6548663828049793,0.0073967757125092,3,0.6436572262912024,0.03906211656217966,0.7436058601740418,0.0706625957061294,0.5273904481009607,0.00230861673617458,106.0,9.355555555555556,0.3024590575292488,228,0.4605263157894737,0.4605263157894737,228
Gemma 4 31B,gemma4_31b,S1,0.9292929292929294,0.008747731351358,0.8401826484018264,0.0079089077971181,0.8824940047961632,0.0083071981178362,0.9433962264150942,0.0,0.8333333333333334,0.0,0.8849557522123894,0.0,0.521505376344086,0.0246375037363217,0.3478260869565217,0.0217391304347825,0.4172932330827067,0.0234575272944596,0.7980648440173699,0.0081790357708913,0.6737806895638938,0.0077110354874888,0.728247663363753,0.0081286723338892,3,0.7137054148138597,0.00991841223190621,0.7973211335491442,0.011793928847711957,0.6164381501626107,0.009527631444884289,106.0,16.72222222222222,0.09622504486493626,960,0.8427083333333333,0.7096153846153846,520
Gemma 4 31B,gemma4_31b,S2,0.9536057692307692,0.000416358367204,0.8447488584474886,0.0079089077971181,0.8958707993934908,0.0046417666834245,0.9482758620689656,0.0,0.9166666666666666,0.0,0.9322033898305084,0.0,0.5555555555555556,0.0,0.5434782608695652,0.0,0.5494505494505495,0.0,0.8191457289517635,0.0001387861224013,0.76829792866124,0.0026363025990393,0.7925082462248495,0.0015472555611414,3,0.8398361098289321,0.009681493794772664,0.8122380335905244,0.011298582470962645,0.8719399944327941,0.010813814908301191,106.0,20.4,0.20275875100994054,960,0.8677083333333333,0.7971246006389776,626
Gemma 4 31B,gemma4_31b,S3,0.9533653846153848,0.000416358367204,0.8401826484018264,0.0079089077971181,0.8931908741493001,0.0046417666834245,0.9482758620689656,0.0,0.9166666666666666,0.0,0.9322033898305084,0.0,0.5555555555555556,0.0,0.5434782608695652,0.0,0.5494505494505495,0.0,0.8190656007466353,0.0001387861224013,0.7667758586460195,0.0026363025990393,0.7916149378101194,0.0015472555611414,3,0.8359341018702535,0.015404944212686077,0.8061274435446245,0.012279495734167034,0.8706071533919039,0.023561331355346403,106.0,20.377777777777776,0.06938886664887056,960,0.8854166666666666,0.8234349919743178,623
Gemma 4 31B,gemma4_31b,S4,0.9536057692307692,0.000416358367204,0.8447488584474886,0.0079089077971181,0.8958707993934908,0.0046417666834245,0.9482758620689656,0.0,0.9166666666666666,0.0,0.9322033898305084,0.0,0.5555555555555556,0.0,0.5434782608695652,0.0,0.5494505494505495,0.0,0.8191457289517635,0.0001387861224013,0.76829792866124,0.0026363025990393,0.7925082462248495,0.0015472555611415,3,0.836417067093364,0.004856026846002303,0.8105782982508654,0.009857570308723822,0.8664744104407602,0.002308681043277041,106.0,20.355555555555554,0.13471506281091236,960,0.8666666666666667,0.79585326953748,627
Gemma 4 31B,gemma4_31b,S5,0.8447488584474886,0.0079089077971181,0.8447488584474886,0.0079089077971181,0.8447488584474886,0.007908907797118,0.9482758620689656,0.0,0.9166666666666666,0.0,0.9322033898305084,0.0,0.5597643097643098,0.0072897761261316,0.5434782608695652,0.0,0.5514855514855516,0.0035247269181295,0.7842630100935879,0.0043886953991115,0.76829792866124,0.0026363025990393,0.7761459332545161,0.0033805203839416,3,0.8317621055331873,0.01191070226846547,0.8116090548286204,0.011298582470962725,0.8552054502303363,0.01263132905897413,106.0,20.233333333333334,0.09999999999999964,960,0.8708333333333333,0.7993527508090615,618
Qwen3.8-27B,qwen3_8_27b,S0,0.8955280830280831,0.0378934014721153,0.5799086757990868,0.0570319451908529,0.7026489399928136,0.0427402383695098,0.8994548984468339,0.0092745272191344,0.45,0.0440958551844098,0.5991811786414486,0.0417822320862662,0.5703703703703703,0.114035587543264,0.1231884057971014,0.0823030195043517,0.196990152245697,0.114193868948072,0.7884511172817624,0.0435707145045102,0.3843656938653961,0.0191342483796075,0.4996067569599864,0.0356329949028561,3,0.4585969789332324,0.02679351205469691,0.5538893650594657,0.08605031947559676,0.3477466522149611,0.04338825636362531,106.0,7.425287356321839,0.569595198476884,92,0.20652173913043478,0.20652173913043478,92
Qwen3.8-27B,qwen3_8_27b,S1,0.9200211065882709,0.0083100140103783,0.8401826484018264,0.0079089077971181,0.8782802329564919,0.0071606419280495,0.943075256107171,0.010828688252183,0.7333333333333334,0.0166666666666667,0.8249369529743361,0.0074655454940326,0.6033333333333334,0.0415597267117307,0.3550724637681159,0.0452536086840463,0.4467707143763482,0.0473528258309164,0.8221432320095917,0.0170712529542984,0.6428628151677586,0.0118859466354092,0.7166626334357254,0.0151488887739388,3,0.6941970857805306,0.0038734853675176087,0.7877357565038371,0.021697642938400128,0.5853867953472968,0.020636324164555367,106.0,15.577777777777778,0.1677740985615716,960,0.6895833333333333,0.44712430426716143,539
Qwen3.8-27B,qwen3_8_27b,S2,0.94136460554371,0.0249794765753944,0.8767123287671232,0.0237267233913545,0.9077922077922076,0.0214580670673485,0.9484638442004094,0.0163552556833599,0.9166666666666666,0.0,0.9322480259668694,0.0079006907034098,0.5523569023569024,0.0176430655151736,0.5362318840579711,0.0125510928084701,0.5441595441595442,0.014770246081908,0.814061784033674,0.0018810809076587,0.776536959830587,0.0068531503400576,0.7947332593062071,0.0037485503484596,3,0.8418706078186254,0.02582932801587315,0.8211478199490861,0.03252370057111436,0.8659767079933959,0.019096138676855227,106.0,21.322222222222223,0.08388704928078487,960,0.6822916666666666,0.566145092460882,703
Qwen3.8-27B,qwen3_8_27b,S3,0.9367035925791444,0.0200016257370924,0.8721461187214611,0.0209250031733143,0.9030499409995812,0.0111021939228097,0.942528735632184,0.009954314986028,0.9111111111111112,0.0096225044864937,0.926553672316384,0.0097855977828749,0.5372053872053871,0.0167531680363595,0.5217391304347826,0.0217391304347825,0.5293447293447294,0.0192381648795722,0.8054792384722386,0.0042343267596371,0.7683321200891182,0.0083937913970733,0.7863161142202316,0.0026487978752193,3,0.8380359667217926,0.008126669377610434,0.8188957904504481,0.023352147236959546,0.860301069731316,0.009740480647234862,106.0,21.244444444444444,0.09622504486493831,960,0.690625,0.5738880918220947,697
Qwen3.8-27B,qwen3_8_27b,S4,0.9420188365201152,0.0251329354202469,0.8904109589041096,0.0273972602739726,0.9154566340661636,0.0256225703207791,0.9482758620689656,0.0,0.9166666666666666,0.0,0.9322033898305084,0.0,0.5700629483238179,0.021800056284545,0.5579710144927535,0.0332070702533032,0.5639061421670116,0.0275916978491227,0.8201192156376328,0.0144361438485181,0.7883495466878432,0.0201110727634812,0.8038553886878946,0.0172812494162239,3,0.8414218419283586,0.013438710707880061,0.8204704572216895,0.01416189049100042,0.8657938608728514,0.023634366317613408,106.0,21.31111111111111,0.24570382652773193,960,0.6916666666666667,0.5703918722786647,689
Qwen3.8-27B,qwen3_8_27b,S5,0.8538812785388128,0.0418500063466286,0.8538812785388128,0.0418500063466286,0.8538812785388128,0.0418500063466286,0.942528735632184,0.009954314986028,0.9111111111111112,0.0096225044864937,0.926553672316384,0.0097855977828749,0.5370370370370371,0.0320750149549792,0.5217391304347826,0.0376532784254103,0.5292633292633293,0.0349652910278455,0.7778156837360113,0.0177637399800582,0.7622438400282355,0.0184538720789793,0.7698994267061754,0.0180998945296205,3,0.8285857773849452,0.029303966073836358,0.7967171794638507,0.04388949700605337,0.8656574117013206,0.01233818041674904,106.0,21.266666666666666,0.2962731472438529,960,0.6833333333333333,0.5625899280575539,695
