	ShortestPath	Lin_Semantic	Lin_Proteomic	Lin_Mazandu	Resnik	JiangConrath	WuPalmer	Jaccard	Mazandu_Universal
ShortestPath	1.0000000000000222	0.9785204345753292	0.9533297844668109	0.9934073254465581	0.982151891511153	0.9674995391999923	0.8429427069344739	0.9896999065786986	0.9973516916857776
Lin_Semantic	0.9785204345753292	1.0000000000000004	0.9787395462074048	0.9818666566787487	0.999496979547598	0.9859511129171783	0.8826098305524462	0.9843056558396345	0.9824669697938653
Lin_Proteomic	0.9533297844668109	0.9787395462074048	1.0000000000000022	0.9570307072505019	0.9776311026363865	0.9495930108293391	0.8525949934487091	0.9596031880575218	0.9596025825391544
Lin_Mazandu	0.9934073254465581	0.9818666566787487	0.9570307072505019	0.9999999999999992	0.9844803931553086	0.9699809826925789	0.8523749574498314	0.9960911033481393	0.9980795377160532
Resnik	0.982151891511153	0.999496979547598	0.9776311026363865	0.9844803931553086	0.9999999999999977	0.984808094240767	0.8789134936353232	0.9864096136761583	0.9855689676833518
JiangConrath	0.9674995391999923	0.9859511129171783	0.9495930108293391	0.9699809826925789	0.984808094240767	1.0000000000000022	0.8816979496722281	0.9756537134961836	0.9681921154961141
WuPalmer	0.8429427069344739	0.8826098305524462	0.8525949934487091	0.8523749574498314	0.8789134936353232	0.8816979496722281	0.9999999999999912	0.8582587787402635	0.8472261037802405
Jaccard	0.9896999065786986	0.9843056558396345	0.9596031880575218	0.9960911033481393	0.9864096136761583	0.9756537134961836	0.8582587787402635	1.000000000000001	0.9944306797714071
Mazandu_Universal	0.9973516916857776	0.9824669697938653	0.9596025825391544	0.9980795377160532	0.9855689676833518	0.9681921154961141	0.8472261037802405	0.9944306797714071	0.9999999999999997
