accession,title,pubmed_id,doi,license,submission_date,publication_date,organisms,organism_parts,diseases,instruments,experiment_types,quantification_methods,identified_ptms,raw_file_count,total_file_count
PXD000070,Plasmodium falciparum schizont phosphoproteome,24657495,10.6019/PXD000070,EBI terms of use,2012-11-15,2014-04-24,Plasmodium falciparum (isolate 3d7),,,LTQ Orbitrap Velos,Bottom-up proteomics,,monohydroxylated residue; phosphorylated residue; acetylated residue; iodoacetamide derivatized residue; deamidated residue,6,42
PXD000312,Mercury Uniquely Alters B-Cell Protein Phosphorylation Profiles,24224561,10.6019/PXD000312,EBI terms of use,2013-07-01,2013-12-10,Mus musculus (mouse),Blood; B cell; Wehi-231 cell,,LTQ,Bottom-up proteomics,,monohydroxylated residue; phosphorylated residue; deaminated residue; acetylated residue; iodoacetamide derivatized residue,30,115
PXD000534,Identification of novel biomarker candidates for the immunohistochemical diagnosis of cholangiocellular carcinoma - LC-MS Part,25034945,10.6019/PXD000534,EBI terms of use,2013-10-21,2014-07-21,Homo sapiens (human),Liver; Cholangioma cell; Hepatocyte,,LTQ Orbitrap,Bottom-up proteomics,,oxidation; S-carboxamidoethyl-L-cysteine,16,81
PXD000561,A draft map of the human proteome,24870542,,EBI terms of use,2014-02-25,2014-04-24,Homo sapiens (human),Heart; Blood platelet; Ovary; Monocyte; Urinary bladder; Frontal lobe; Lung; Placenta; Gall bladder; B-lymphocyte; Rectum; Cytotoxic t-lymphocyte; Spinal cord; Colon; Helper t-lymphocyte; Prostate gland; Retina; Pancreas; Liver; Adrenal gland; Gut; Kidney; Brain; Esophagus; Testis; Natural killer cell,,LTQ Orbitrap Elite; LTQ Orbitrap Velos,Bottom-up proteomics,,acetylated residue; L-methionine sulfoxide; iodoacetamide derivatized residue,1859,2384
PXD000651,"CSF proteome mapping: Human cerebrospinal fluid LC-MS/MS, Part 1",25038066,10.6019/PXD000651,EBI terms of use,2013-12-17,2014-08-04,Homo sapiens (human),Cerebrospinal fluid,,LTQ Orbitrap,Bottom-up proteomics,,monohydroxylated residue; acetylated residue; 2-pyrrolidone-5-carboxylic acid (Glu); 2-pyrrolidone-5-carboxylic acid (Gln); iodoacetamide derivatized amino-terminal residue,37,41
PXD000652,"CSF proteome mapping: Human cerebrospinal fluid LC-MS/MS, Part 2",25038066,10.6019/PXD000652,EBI terms of use,2013-12-18,2014-08-04,Homo sapiens (human),Cerebrospinal fluid,,LTQ Orbitrap,Bottom-up proteomics,,monohydroxylated residue; acetylated residue; 2-pyrrolidone-5-carboxylic acid (Gln); 2-pyrrolidone-5-carboxylic acid (Glu); iodoacetamide derivatized amino-terminal residue,46,50
PXD000999,DeMix:efficient identification of co-fragmented peptides,25100859,,EBI terms of use,2014-08-14,2014-08-14,Homo sapiens (human),Hela cell,,Q Exactive,Shotgun proteomics,,monohydroxylated residue; acetylated residue; iodoacetamide derivatized residue,7,9
PXD001061,Uncovering Global SUMOylation Signaling Networks in a Site-Specific Manner,25218447,,EBI terms of use,2014-06-13,2014-09-04,Homo sapiens (human),Permanent cell line cell; Hela cell,Cervix carcinoma,Q Exactive,Affinity purification coupled with mass spectrometry proteomics,Label free,sumoylated lysine,32,34
PXD001281,Proteome-wide identification of SUMO2 modification sites,24782567,,EBI terms of use,2014-09-09,2014-10-15,Homo sapiens (human),Cell suspension culture; Hek-293 cell,,Q Exactive,Shotgun proteomics; Affinity purification coupled with mass spectrometry proteomics,,phosphorylated residue; iodoacetamide derivatized residue; ubiquitination signature dipeptidyl lysine,10,11
PXD001468,A mass-tolerant database search identifies a large proportion of unassigned spectra in shotgun proteomics as modified peptides,26076430,,EBI terms of use,2014-11-06,2015-06-03,Homo sapiens (human),Kidney; Brain,,Q Exactive,Shotgun proteomics,Peptide counting,monohydroxylated residue; farnesylated residue; carboxylated residue; acetylated residue; biotinylated residue; S-pyridylethyl-L-cysteine; carbamoylated residue; methylthiolated residue; homoserine; amidated residue; iodoacetic acid derivatized residue; iodoacetamide derivatized residue; sulfated residue; monomethylated residue; deamidated residue; homoserine lactone; phosphorylated residue; formylated residue; deaminated residue; dihydroxylated residue; monosodium salt; (R)-5-oxo-1; dehydrated residue,24,51
PXD001558,Cell-specific analysis of tumour-endothelial contact-intiated signalling,26861043,,EBI terms of use,2014-12-01,2016-02-12,Homo sapiens (human),,Breast cancer,LTQ Orbitrap Velos,Top-down proteomics,SILAC,No PTMs are included in the dataset,42,91
PXD001725,"A Protein Deep Sequencing Evaluation of Metastatic Melanoma Tissues, unfractionated approach",25874936,,EBI terms of use,2015-01-23,2015-04-17,Homo sapiens (human),Lymph node; Melanocyte,Metastatic melanoma,Q Exactive,Shotgun proteomics,,No PTMs are included in the dataset,30,61
PXD001819,yeast-UPS1 standard LC-MS/MS dataset,26862574,,EBI terms of use,2015-02-16,2015-12-01,Saccharomyces cerevisiae (baker's yeast); Homo sapiens (human),Cell culture,,LTQ Orbitrap Velos,Shotgun proteomics,Protein Abundance Index - PAI; Spectrum counting,monohydroxylated residue; iodoacetamide derivatized residue,27,82
PXD001856,Comprehensive transcriptomic and proteomic characterization of human mesenchymal stem cells reveals source specific cellular markers,26857143,,EBI terms of use,2015-03-02,2016-02-09,Homo sapiens (human),Mesenchymal stem cell; Cell culture; Embryonic stem cell; Stem cell,,Q Exactive,Shotgun proteomics,SILAC,monohydroxylated residue; acetylated residue,108,109
PXD002029,"Comparative proteome stability analysis of snap frozen, RNAlater preserved, and formalin-fixed paraffin-embedded human colon mucosal biopsies",26937473,,EBI terms of use,2015-08-12,2015-11-23,Homo sapiens (human),Colonic mucosa; Colon sigmoideum,Disease free,Q Exactive,Shotgun proteomics,Label free; MS1 intensity based label-free quantification method,iodoacetamide derivatized residue,24,28
PXD002049,"CPTAC proteomic analysis of TCGA colon and rectal carcinomas using standard and customized databases, part 9",26110064,10.6019/PXD002049,EBI terms of use,2015-04-13,2015-06-13,Homo sapiens (human),Rectal cancer cell; Colonic cancer cell,Rectum adenocarcinoma; Colon adenocarcinoma,LTQ Orbitrap Velos,Shotgun proteomics,,Gln->pyro-Glu; Glu->pyro-Glu; Carbamidomethyl; Oxidation; Acetyl,150,751
PXD002080,"CPTAC, TCGA Cancer Proteome Study of Colorectal Tissue: Proteome, VU, part 1",25043054,10.6019/PXD002080,EBI terms of use,2015-04-20,2015-07-02,Homo sapiens (human),Rectal cancer cell; Colonic cancer cell,Rectum adenocarcinoma; Colon adenocarcinoma,LTQ Orbitrap Velos,Shotgun proteomics,,Gln->pyro-Glu; Glu->pyro-Glu; Deamidated; Carbamidomethyl; Oxidation,150,751
PXD002081,"CPTAC, TCGA Cancer Proteome Study of Colorectal Tissue: Proteome, VU, part 2",25043054,10.6019/PXD002081,EBI terms of use,2015-04-20,2015-07-14,Homo sapiens (human),Rectal cancer cell; Colonic cancer cell,Rectum adenocarcinoma; Colon adenocarcinoma,LTQ Orbitrap Velos,Shotgun proteomics,,Gln->pyro-Glu; Glu->pyro-Glu; Deamidated; Carbamidomethyl; Oxidation,150,751
PXD002082,"CPTAC, TCGA Cancer Proteome Study of Colorectal Tissue: Proteome, VU, part 3",25043054,10.6019/PXD002082,EBI terms of use,2015-04-20,2015-07-02,Homo sapiens (human),Rectal cancer cell; Colonic cancer cell,Rectum adenocarcinoma; Colon adenocarcinoma,LTQ Orbitrap Velos,Shotgun proteomics,,Gln->pyro-Glu; Glu->pyro-Glu; Deamidated; Carbamidomethyl; Oxidation,150,751
PXD002084,"CPTAC, TCGA Cancer Proteome Study of Colorectal Tissue: Proteome, VU, part 5",25043054,10.6019/PXD002084,EBI terms of use,2015-04-20,2015-07-06,Homo sapiens (human),Rectal cancer cell; Colonic cancer cell,Rectum adenocarcinoma; Colon adenocarcinoma,LTQ Orbitrap Velos,Shotgun proteomics,,Gln->pyro-Glu; Glu->pyro-Glu; Deamidated; Carbamidomethyl; Oxidation,150,751
PXD002086,"CPTAC, TCGA Cancer Proteome Study of Colorectal Tissue: Proteome, VU, part 7",25043054,10.6019/PXD002086,EBI terms of use,2015-04-20,2015-07-07,Homo sapiens (human),Rectal cancer cell; Colonic cancer cell,Rectum adenocarcinoma; Colon adenocarcinoma,LTQ Orbitrap Velos,Shotgun proteomics,,Gln->pyro-Glu; Glu->pyro-Glu; Deamidated; Carbamidomethyl; Oxidation,153,766
PXD002087,"CPTAC, TCGA Cancer Proteome Study of Colorectal Tissue: Proteome, VU, part 8",25043054,10.6019/PXD002087,EBI terms of use,2015-04-20,2015-07-03,Homo sapiens (human),Rectal cancer cell; Colonic cancer cell,Rectum adenocarcinoma; Colon adenocarcinoma,LTQ Orbitrap Velos,Shotgun proteomics,,Gln->pyro-Glu; Glu->pyro-Glu; Deamidated; Carbamidomethyl; Oxidation,150,751
PXD002088,"CPTAC, TCGA Cancer Proteome Study of Colorectal Tissue: Proteome, VU, part 9",25043054,10.6019/PXD002088,EBI terms of use,2015-04-20,2015-07-03,Homo sapiens (human),Rectal cancer cell; Colonic cancer cell,Rectum adenocarcinoma; Colon adenocarcinoma,LTQ Orbitrap Velos,Shotgun proteomics,,Gln->pyro-Glu; Glu->pyro-Glu; Deamidated; Carbamidomethyl; Oxidation,150,751
PXD002222,Rice-xoo interaction phosphoproteome LC-MSMS,26112675,,EBI terms of use,2015-05-23,2015-06-29,Oryza sativa (rice),Leaf; Plant cell,,Q Exactive,Affinity purification coupled with mass spectrometry proteomics,TIC,monohydroxylated residue,6,18
PXD002266,Phosphoproteomics reveals malaria parasite Protein Kinase G as a signalling hub regulating egress and invasion,26149123,10.6019/PXD002266,EBI terms of use,2015-05-29,2017-09-22,Plasmodium falciparum,Blood,,LTQ Orbitrap Velos,Shotgun proteomics,,Phospho; TMT6plex; Carbamidomethyl; Oxidation,36,44
PXD002395,11 human cell lines -  Comparative proteomic analysis of eleven common cell lines reveals ubiquitous but varying expression of most proteins,22278370,,EBI terms of use,2015-06-19,2015-07-21,Homo sapiens (human),Epithelial cell; Jurkat cell; T cell; Cell culture; Hepatocyte,Cervix carcinoma; Acute leukemia; Brain cancer; Glioblastoma,LTQ Orbitrap Velos,Shotgun proteomics,,iodoacetamide derivatized residue,198,200
PXD002619,Proteomic maps of breast cancer subtypes,26725330,,EBI terms of use,2015-07-29,2016-01-05,Homo sapiens (human),Breast cancer cell,Breast cancer,Q Exactive,Shotgun proteomics,SILAC,No PTMs are included in the dataset,261,266
PXD002870,Protein Turnover Rates in Normal and Hypertrophy Mouse Hearts,26977904,,EBI terms of use,2015-09-07,2015-09-22,Mus musculus (mouse),Heart; Cardiocyte,Cardiovascular system disease,LTQ Orbitrap Elite,Shotgun proteomics,Spectrum counting,iodoacetamide derivatized residue,1477,1479
PXD003028,Ultra-deep and quantitative saliva proteome reveals dynamics of the oral microbiome,27102203,,EBI terms of use,2015-10-09,2016-03-18,Homo sapiens (human),Saliva,,Q Exactive,Shotgun proteomics,MS1 intensity based label-free quantification method,No PTMs are included in the dataset,89,94
PXD003209,Proteomics of Extracellular Vesicles Harvested with ExtraPEG,27068479,10.6019/PXD003209,EBI terms of use,2016-02-17,2016-04-18,Homo sapiens (human),Epithelial cell; Permanent cell line cell; Cell culture,,LTQ Orbitrap Velos,Shotgun proteomics,Spectrum counting,Ammonia-loss; Phospho; Dehydrated; Carbamidomethyl; Oxidation; Acetyl,3,19
PXD003531,Proteomics of Primary cells derived from Ovarian Cancer,28355574,,EBI terms of use,2016-01-27,2017-04-03,Homo sapiens (human),Primary cell,Malignant neoplasm of ovary,Q Exactive,Shotgun proteomics,Label free,phosphorylated residue,59,62
PXD003539,NCI60 proteome by PCT-SWATH -  Quantitative Proteome Landscape of the NCI-60 Cancer Cell Lines,31733513,,EBI terms of use,2016-01-28,2020-06-01,Homo sapiens (human),Renal cortical epithelial cell; Epithelial cell of prostate; Mammary gland epithelial cell; Lung endothelial cell; Melanocyte of skin; Whole body; Blood cell; Colon epithelial cell; Follicle cell; Cerebral cortex glial cell,Breast cancer; Malignant neoplasm of ovary; Colon cancer; Renal cell carcinoma; Acute leukemia; Skin amelanotic melanoma; Brain cancer; Prostate adenocarcinoma; Lung mixed small cell and squamous cell carcinoma,TripleTOF 5600,SWATH MS,Label free,No PTMs are included in the dataset,0,363
PXD003668,Integrative proteomic profiling of ovarian cancer cell lines reveals precursor-cell associated proteins and functional status,27561551,,EBI terms of use,2016-02-22,2016-08-24,Homo sapiens (human),Epithelial cell; Cell culture,Malignant neoplasm of ovary,Q Exactive,Shotgun proteomics,MS1 intensity based label-free quantification method,No PTMs are included in the dataset,101,103
PXD003977,Expanding proteome coverage with CHarge Ordered Parallel Ion aNalysis (CHOPIN) combined with broad specificity proteolysis,28164708,,EBI terms of use,2016-04-15,2017-02-07,Homo sapiens (human),Epithelial cell; Cell culture,Breast adenocarcinoma,Orbitrap Fusion ETD,Shotgun proteomics,Spectrum counting,monohydroxylated residue,120,324
PXD004143,Allele-Specific Protein Abundance in Human Brain,28691493,,EBI terms of use,2016-05-13,2017-07-31,Homo sapiens (human),Brain,,Q Exactive,Top-down proteomics,,monohydroxylated residue; iodoacetamide derivatized residue; deamidated residue,4,10
PXD004242,Plasma Proteome Profiling Reveals the Effects of Weight Loss on the Apolipoprotein Family and Systemic Inflammation Status,28007936,,EBI terms of use,2016-05-31,2016-12-24,Homo sapiens (human),Blood plasma,,Q Exactive,Shotgun proteomics,,No PTMs are included in the dataset,1290,1293
PXD004613,Repo-Man/PP1 regulates heterochromatin formation in interphase,28091603,,EBI terms of use,2016-07-20,2016-12-07,Homo sapiens (human),Cell culture,,Q Exactive,Shotgun proteomics,,acetylated residue; iodoacetamide derivatized residue; monomethylated residue,8,16
PXD004682,Comparison of Lung Cancer Proteome Profiles 1: Label Free Quantification,28195392,10.6019/PXD004682,EBI terms of use,2016-07-29,2017-02-16,Homo sapiens (human),Epithelial cell; Lung,Non-small cell lung carcinoma,Q Exactive,Shotgun proteomics,TIC,No PTMs are included in the dataset,192,1153
PXD004683,Comparison of Lung Cancer Proteome Profiles 2: TMT,28195392,10.6019/PXD004683,EBI terms of use,2016-07-29,2017-02-16,Homo sapiens (human),Epithelial cell; Lung,Non-small cell lung carcinoma,Q Exactive,SWATH MS,TMT,No PTMs are included in the dataset,48,289
PXD004684,Comparison of Lung Cancer Proteome Profiles 3: DIA,28195392,10.6019/PXD004684,EBI terms of use,2016-07-29,2017-02-16,Homo sapiens (human),Epithelial cell; Lung,Lung cancer,Q Exactive,SWATH MS,TIC,No PTMs are included in the dataset,16,97
PXD004705,A phosphoproteomic analysis of ABA induced protein phosphorylation revealed that Serine 71 is a major phosphosite for bZIP72 in SAPK10-mediated ABA signaling,28439285,,EBI terms of use,2016-08-02,2018-10-26,Oryza sativa (rice),Leaf,,Q Exactive,Affinity purification coupled with mass spectrometry proteomics,,phosphorylated residue,9,36
PXD004732,ProteomeTools -  Building ProteomeTools based on a complete synthetic human proteome,28135259,,EBI terms of use,2017-02-09,2017-02-09,Homo sapiens (human),,,Orbitrap Fusion ETD,Shotgun proteomics,,No PTMs are included in the dataset,985,2921
PXD004939,A comprehensive proteomic survey of ABA-induced protein phosphorylation in rice (Oryza sativa L.),28054942,,EBI terms of use,2016-09-12,2017-01-17,Oryza sativa (rice),Leaf,,Q Exactive,Affinity purification coupled with mass spectrometry proteomics,,phosphorylated residue,9,36
PXD004987,Proteomic characterization of neuromelanin granules isolated from human substantia nigra by laser-microdissection,27841354,10.6019/PXD004987,EBI terms of use,2016-09-16,2016-12-22,Homo sapiens (human),Brain,,LTQ Orbitrap,Shotgun proteomics,Spectrum counting,Carbamidomethyl; Oxidation,9,55
PXD005207,PfCDPK1 mediated signaling in erythrocytic stages of Plasmodium falciparum,28680058,,EBI terms of use,2016-10-24,2017-05-02,Plasmodium falciparum,Cell,Disease free,Orbitrap Fusion,Shotgun proteomics,iTRAQ,monohydroxylated residue; phosphorylated residue; iodoacetamide derivatized residue; iTRAQ4plex-116 reporter+balance reagent acylated residue,130,142
PXD005354,Pharmacoproteomic characterisation of human colon and rectal cancer - CRC65 Full Proteomes,29101300,,EBI terms of use,2017-12-12,2017-12-12,Homo sapiens (human),Colon; Rectal cancer cell line; Rectum; Colonic cancer cell line,Rectum cancer; Colon cancer,LTQ Orbitrap Velos,Shotgun proteomics,MS1 intensity based label-free quantification method,monohydroxylated residue; acetylated residue; iodoacetamide derivatized residue,1560,1562
PXD005355,Pharmacoproteomic characterisation of human colon and rectal cancer - CRC65 Kinobeads,29101300,,EBI terms of use,2017-12-12,2017-12-12,Homo sapiens (human),Colon; Rectal cancer cell line; Rectum; Colonic cancer cell line,Rectum cancer; Colon cancer,LTQ Orbitrap Velos,Shotgun proteomics,MS1 intensity based label-free quantification method,monohydroxylated residue; acetylated residue; iodoacetamide derivatized residue,195,197
PXD005445,CEGS Proteomics -  A multiregional proteomic survey of the postnatal human brain,29184206,,EBI terms of use,2018-01-09,2018-01-09,Homo sapiens (human),Brain,,Q Exactive,Shotgun proteomics,,monohydroxylated residue; acetylated residue; iodoacetamide derivatized residue,196,199
PXD005463,"Draft of the mitochondrial landscape, OM/IM",28819139,,EBI terms of use,2016-11-30,2017-08-24,Saccharomyces cerevisiae (baker's yeast),Cell culture,,Q Exactive,Shotgun proteomics,SILAC,6x(13)C; 6x(13)C,3,7
PXD005539,Human melanoma-derived extracellular vesicles reprogram dendritic cells potentially enabling lymph node metastases,28424693,10.6019/PXD005539,EBI terms of use,2016-12-09,2018-10-26,Homo sapiens (human),Cell culture; Melanocyte,,LTQ Orbitrap Elite; Q Exactive,Gel-based experiment,Peptide counting,Ammonia-loss; Dehydrated; Carbamidomethyl; Oxidation; Acetyl,27,39
PXD005554,Analysis of ECM-enriched samples using different methods,28675934,10.6019/PXD005554,EBI terms of use,2016-12-13,2017-07-11,Homo sapiens (human),Mammary gland; Epithelial ovarian cancer cell,Breast cancer; Ovarian cancer,Q Exactive,Shotgun proteomics,Spectrum counting,Gln->pyro-Glu; Phospho; Carbamyl; Deamidated; Carbamidomethyl; Oxidation,142,709
PXD005780,Relating human gut metagenome and metaproteome,28709472,,EBI terms of use,2017-01-25,2017-07-19,Human gut metagenome,Feces,,LTQ Orbitrap Velos,Shotgun proteomics,Spectrum counting,iodoacetamide derivatized residue,15,32
PXD005982,A quantitative acetylomic analysis of early seed development in rice (Oryza sativa L.),28654018,,EBI terms of use,2017-02-27,2017-07-04,Oryza sativa (rice),Seed; Plant cell,,Q Exactive,Affinity purification coupled with mass spectrometry proteomics,MaxQuant percentage threshold for valid modification location,acetylated residue,9,10
PXD006003,Proteomics of melanoma response to immunotherapy reveals dependence on mitochondrial function,31495571,,Creative Commons Public Domain (CC0),2019-04-09,2019-07-29,Homo sapiens (human),Skin; Melanocyte,Melanoma,Q Exactive Plus; Q Exactive HF,Shotgun proteomics,SILAC,No PTMs are included in the dataset,842,849
PXD006195,"Super-SILAC reveals intricate crosstalk between lipopolysaccharide, phospholipid and fatty acid metabolism in Escherichia coli",30692974,,Creative Commons Public Domain (CC0),2018-07-02,2019-11-12,Escherichia coli,Cell culture,,LTQ Orbitrap Elite,Shotgun proteomics; Gel-based experiment,SILAC,monohydroxylated residue; 6x(13)C labeled residue,36,39
PXD006233,uDPMs in AD+CVD -  Brain ureido degenerative protein modifications are associated with neuroinflammation and proteinopathy in Alzheimer's disease with cerebrovascular disease,28865468,,EBI terms of use,2017-04-03,2017-09-11,Homo sapiens (human),Brain,Dementia,LTQ Orbitrap Elite,Shotgun proteomics,Protein Abundance Index - PAI; Spectrum counting; Peptide counting,deaminated residue; carbamoylated residue,378,380
PXD006401,Reproducible proteomics sample preparation for single FFPE tissue slices using acid-labile surfactant and direct trypsinization,29527141,,EBI terms of use,2017-04-28,2018-08-15,Homo sapiens (human); Mus musculus (mouse),Tonsil; Kidney,,Q Exactive,Shotgun proteomics,Label free,iodoacetamide derivatized residue,28,31
PXD006675,Region and cell-type resolved quantitative proteomic map of the human heart and its application to atrial fibrillation,29133944,,EBI terms of use,2017-06-21,2017-11-14,Homo sapiens (human),Heart,,Q Exactive,Shotgun proteomics,,No PTMs are included in the dataset,610,613
PXD006847,"Nanodroplet processing platform for deep, quantitative proteome profiling of 10-100 mammalian cells",29491378,10.6019/PXD006847,EBI terms of use,2017-10-05,2018-01-24,Homo sapiens (human),Pancreatic islet,,Orbitrap Fusion Lumos,Shotgun proteomics,,Carbamidomethyl; Oxidation,48,204
PXD006877,Haloferax volcanii SILAC study of Oxidative stress,29194950,,EBI terms of use,2017-07-06,2018-01-09,Haloferax volcanii ds2,,,Q Exactive Plus,Shotgun proteomics,SILAC,monohydroxylated residue; acetylated residue; 6x(13)C; 6x(13)C labeled L-arginine; methylthiolated residue; 5x(13)C labeled L-proline,0,11
PXD007073,Proteomic analysis of meningioma of different grades identifies potential therapeutic targets and biomarkers,30594554,,EBI terms of use,2017-07-18,2019-01-02,Homo sapiens (human),Brain,Brain meningioma,LTQ Orbitrap Velos,Shotgun proteomics; Gel-based experiment,MS1 intensity based label-free quantification method,monohydroxylated residue; deaminated residue; acetylated residue,136,138
PXD007160,Global quantitative analysis of the human brain proteome in Alzheimer’s and Parkinson’s Disease,29533394,,EBI terms of use,2017-07-31,2018-02-07,Homo sapiens (human),Brain,Parkinson's disease; Alzheimer's disease,Orbitrap Fusion,Shotgun proteomics,TMT,monohydroxylated residue; iodoacetamide derivatized residue; deamidated residue,211,244
PXD007555,Protein variability in cerebrospinal fluid and its possible implications for neurological protein biomarker research,30496192,,EBI terms of use,2017-10-13,2019-11-12,Homo sapiens (human),Cerebrospinal fluid,,Q Exactive,Shotgun proteomics,,iodoacetamide derivatized residue,36,38
PXD008012,In vivo phosphoproteomics reveals kinase activity profiles that predict treatment  outcome in triple-negative breast cancer,30158526,,Creative Commons Public Domain (CC0),2018-07-23,2018-07-23,Homo sapiens (human),Cell culture; Breast; Breast,Breast cancer,LTQ Orbitrap Elite,Shotgun proteomics,MS1 intensity based label-free quantification method,phosphorylated residue,143,147
PXD008440,The response to neoadjuvant chemoradiotherapy to 5-fluorouracil in locally advanced colorectal cancer patients: a predictive proteomic signature.,29681787,,EBI terms of use,2017-12-13,2018-06-25,Homo sapiens (human),Colon; Colon,Colon cancer,Q Exactive,Gel-based experiment,APEX - Absolute Protein Expression,monohydroxylated residue; acetylated residue; iodoacetamide derivatized residue,200,202
PXD008722,Quantitative proteomics of human heart samples collected in vivo reveal the remodeled protein landscape of dilated left atrium without atrial fibrillation.,32291283,,Creative Commons Public Domain (CC0),2020-06-15,2020-06-15,Homo sapiens (human),Heart,,Q Exactive,Shotgun proteomics,,No PTMs are included in the dataset,252,254
PXD008840,A proteomic landscape of diffuse-type gastric cancer,29520031,,EBI terms of use,2018-02-02,2018-02-09,Homo sapiens (human),Stomach,Stomach cancer,LTQ Orbitrap; Q Exactive,Shotgun proteomics,Label free,No PTMs are included in the dataset,999,2033
PXD008934,Characterization of proteomic changes in human heart failure,29892068,,EBI terms of use,2018-02-12,2018-06-06,Homo sapiens (human),Heart,Cardiovascular system disease,Q Exactive,Shotgun proteomics,Normalized Spectral Abundance Factor - NSAF; Peptide counting,No PTMs are included in the dataset,34,40
PXD009157,Phosphodiesterase beta controls cAMP signalling during malaria parasite erythrocyte invasion,30794532,,EBI terms of use,2018-03-09,2019-02-27,Plasmodium falciparum mad71/papua new guinea; Homo sapiens (human),,,Orbitrap Fusion Lumos,Shotgun proteomics,TMT,TMT6plex-126 reporter+balance reagent acylated residue; phosphorylated residue; iodoacetamide derivatized residue,11,12
PXD009602,Mapping the HLA ligandome of Colorectal Cancer Reveals an Imprint of Malignant Cell Transformation,29789417,,Creative Commons Public Domain (CC0),2019-02-20,2019-03-12,Homo sapiens (human),Epithelial cell; Colon,Colon cancer,LTQ Orbitrap,Affinity purification coupled with mass spectrometry proteomics,,No PTMs are included in the dataset,528,1057
PXD009630,Malignant Melanoma -  Improved survival prognostication of node-positive malignant melanoma patients utilizing shotgun proteomics guided by histopathological characterization and genomic data,30914758,,EBI terms of use,2018-04-30,2019-03-29,Homo sapiens (human),Lymph node; Melanocyte,Skin melanoma,Q Exactive,Shotgun proteomics,TIC,iodoacetamide derivatized residue,111,114
PXD009815,Proline: an efficient and user-friendly software suite for large-scale proteomics,32096818,10.6019/PXD009815,Creative Commons Public Domain (CC0),2019-04-12,2020-03-03,Saccharomyces cerevisiae (baker's yeast),,,Q Exactive Plus,Shotgun proteomics,MS1 intensity based label-free quantification method,No PTMs are included in the dataset,40,50
PXD010154,A deep proteome and transcriptome abundance atlas of 29 healthy human tissues,30777892,,Creative Commons Public Domain (CC0),2019-07-10,2019-07-10,Homo sapiens (human),Bone marrow; Adipose tissue; Heart; Salivary gland; Oviduct; Ovary; Vermiform appendix; Urinary bladder; Lung; Small intestine; Placenta; Hypophysis; Thyroid gland; Gall bladder; Spleen; Rectum; Colon; Tonsil; Duodenum; Prostate gland; Lymph node; Uterine endometrium; Pancreas; Liver; Adrenal gland; Smooth muscle; Stomach; Kidney; Brain; Esophagus; Testis,,Orbitrap Fusion Lumos; Q Exactive Plus; Q Exactive HF,Shotgun proteomics,MS1 intensity based label-free quantification method,acetylated residue; L-methionine sulfoxide; iodoacetamide derivatized residue,1809,1938
PXD010357,Proteogenomic Landscape of Squamous Cell Lung Cancer 1: Digestion QC with DIA LC-MS/MS,31395880,10.6019/PXD010357,Creative Commons Public Domain (CC0),2018-07-10,2019-05-24,Homo sapiens (human),Lung,Non-small cell lung carcinoma,Q Exactive,Shotgun proteomics,TIC,Carbamidomethyl; Oxidation,136,952
PXD010429,Proteogenomic Landscape of Squamous Cell Lung Cancer 2: Tandem Mass Tag Datasets,31395880,10.6019/PXD010429,Creative Commons Public Domain (CC0),2018-07-13,2019-05-24,Homo sapiens (human),Lung,Lung squamous cell carcinoma,Q Exactive,Shotgun proteomics,TMT,TMT6plex; Carbamidomethyl; Oxidation,395,4871
PXD010603,Proteomic Atlas of the Human Brain in Alzheimer’s Disease,30735395,,Creative Commons Public Domain (CC0),2018-07-30,2019-02-13,Homo sapiens (human),Brain,,Orbitrap Fusion Lumos,Shotgun proteomics,,No PTMs are included in the dataset,312,315
PXD011050,Mass spectrometric analysis of proteolytic cleavage related to ArtA and PssA from Haloferax volcanii,32561711,,Creative Commons Public Domain (CC0),2018-09-10,2020-05-11,Haloferax volcanii (halobacterium volcanii),,,Q Exactive,Shotgun proteomics,,iodoacetamide derivatized residue,16,20
PXD011153,Proteome characterization of Spleen during Schistosoma mansoni infection,30728824,,Creative Commons Public Domain (CC0),2018-09-20,2019-02-13,Mus musculus (mouse),Spleen,Schistosomiasis,Q Exactive,Shotgun proteomics,Normalized Spectral Abundance Factor - NSAF,monohydroxylated residue; iodoacetamide derivatized residue,6,39
PXD011175,AUTOMATED PHOSPHOPEPTIDE ENRICHMENT FROM MINUTE QUANTITIES OF FROZEN MALIGNANT MELANOMA TISSUE,30532160,,Creative Commons Public Domain (CC0),2018-09-24,2018-11-23,Homo sapiens (human),Lymph node,Melanoma,Q Exactive,Shotgun proteomics,Label free,phosphorylated residue,28,30
PXD011799,B cells sustain inflammation in human melanoma,31519915,,Creative Commons Public Domain (CC0),2019-10-09,2019-10-09,Homo sapiens (human),B cell,,Orbitrap Fusion Lumos,Shotgun proteomics,TMT,No PTMs are included in the dataset,48,204
PXD011839,Plasma proteome profiling discovers novel proteins associated with non-alcoholic fatty liver disease,30824564,,Creative Commons Public Domain (CC0),2018-11-27,2019-03-04,Homo sapiens (human),Blood plasma,,Q Exactive,Shotgun proteomics,,No PTMs are included in the dataset,0,3
PXD011967,Proteomics of Human Skeletal Muscle,30971946,,Creative Commons Public Domain (CC0),2019-11-08,2019-11-14,Homo sapiens (human),Skeletal muscle; Skeletal muscle tissue,Disease free,Q Exactive,Shotgun proteomics,TMT,No PTMs are included in the dataset,386,773
PXD012131,Proteomic Atlas of the Human Brain in Alzheimer’s Disease,30735395,,Creative Commons Public Domain (CC0),2018-12-20,2020-01-09,Homo sapiens (human),Brain,,Orbitrap Fusion Lumos,Shotgun proteomics,,No PTMs are included in the dataset,340,344
PXD012143,Cyclic AMP signalling controls key components of malaria parasite host cell invasion machinery,31075098,,Creative Commons Public Domain (CC0),2018-12-21,2019-05-14,Plasmodium falciparum (isolate 3d7); Homo sapiens (human),Blood; Erythrocyte,Plasmodium falciparum malaria,Orbitrap Fusion Lumos,Shotgun proteomics,TMT,phosphorylated residue; iodoacetamide derivatized residue,32,33
PXD012203,Proteomics of Brain Proteome Revealed Altered Mitochondrial Function in Alzheimer Disease,30691479,,Creative Commons Public Domain (CC0),2018-12-31,2019-02-01,Homo sapiens (human),Brain; Brain,Alzheimer's disease,Q Exactive,Shotgun proteomics,iTRAQ,deamidated residue,60,62
PXD012255,Phosphoproteomics using CZE-MS/MS,30624053,,Creative Commons Public Domain (CC0),2019-01-08,2019-01-16,Homo sapiens (human),,,Q Exactive,Shotgun proteomics,,phosphorylated residue,40,42
PXD012307,An atlas of the aging lung mapped by single cell transcriptomics and deep tissue proteomics,30814501,,Creative Commons Public Domain (CC0),2019-01-11,2019-01-21,Mus musculus (mouse),Lung,,Q Exactive,Shotgun proteomics,,monohydroxylated residue; acetylated residue,32,34
PXD012431,High-throughput mass spectrometry and bioinformatics analysis of breast cancer proteomic data,31294064,,Creative Commons Public Domain (CC0),2019-01-18,2019-07-15,Homo sapiens (human),Breast cancer cell; Lymph node; Breast,Breast cancer,LTQ Orbitrap XL ETD,Shotgun proteomics,MS1 intensity based label-free quantification method,iodoacetamide derivatized residue,69,71
PXD012439,Host-symbiont interactions in the chemosynthetic Riftia model symbiosis,31848270,,Creative Commons Public Domain (CC0),2019-01-21,2019-11-25,Riftia pachyptila; Candidatus endoriftia persephone,,,Q Exactive,Shotgun proteomics,Normalized Spectral Abundance Factor - NSAF,monohydroxylated residue; acetylated residue; iodoacetamide derivatized residue,55,159
PXD012755,Proteomic Explorations of Autism Brain - Part 1,31511657,10.6019/PXD012755,Creative Commons Public Domain (CC0),2019-02-18,2019-09-16,Homo sapiens (human),Brain; Electrically active cell,Neurodevelopmental abnormality,LTQ Orbitrap Elite,Shotgun proteomics,MS1 intensity based label-free quantification method,Carbamidomethyl; Oxidation,32,194
PXD012986,"Reproducibility, specificity and accuracy of DIA quantification - DDA analysis",31699904,10.6019/PXD012986,Creative Commons Public Domain (CC0),2019-03-06,2019-11-08,Mus musculus (mouse),Myoblast; Cell culture,,Q Exactive HF,Shotgun proteomics,MS1 intensity based label-free quantification method,Gln->pyro-Glu; Ammonia-loss; Ammonium; Deamidated; Carbamidomethyl; Oxidation,15,147
PXD013234,Comparison of proteome composition of serum enriched in extracellular vesicles isolated from polycythemia vera patients and healthy controls,31064135,,Creative Commons Public Domain (CC0),2019-03-26,2019-05-13,Homo sapiens (human),Blood,,Q Exactive,Shotgun proteomics,,No PTMs are included in the dataset,54,56
PXD013523,Papillary renal cell carcinomas rewire glutathione metabolism,31484429,,Creative Commons Public Domain (CC0),2019-04-16,2019-09-06,Homo sapiens (human),Kidney,Papillary renal cell carcinoma,Q Exactive,Shotgun proteomics,MS1 intensity based label-free quantification method,monohydroxylated residue; phosphorylated residue; acetylated residue,198,200
PXD013543,Myocardial proteome from obese rats with cardiac dysfunction C4PR_LIV,31792287,10.6019/PXD013543,Creative Commons Public Domain (CC0),2019-04-17,2019-12-04,Rattus norvegicus (rat),Cardiac muscle myoblast; Heart,Cardiovascular system disease,Q Exactive HF,Shotgun proteomics,TIC,Carbamidomethyl; Oxidation,16,64
PXD013737,Total cellular proteome analysis of mutant and WT HNF4alpha Hepatic Progenitor Stage Cells,31185456,,Creative Commons Public Domain (CC0),2019-05-07,2019-06-17,Homo sapiens (human),Embryonic stem cell; Embryo,,Q Exactive,Shotgun proteomics,Label free,monohydroxylated residue; acetylated residue; iodoacetamide derivatized residue,96,101
PXD013753,Comparative profiling of the synaptic proteome from Alzheimer’s disease patients with focus on the APOE genotype,31862015,,Creative Commons Public Domain (CC0),2019-05-07,2020-05-26,Homo sapiens (human),Synapse; Brain,Alzheimer's disease,Q Exactive,Shotgun proteomics,TMT,iodoacetamide derivatized residue,20,21
PXD013765,Multi omics evaluation of cutaneous melanoma cells and their cerebral metastasis from patient derived mouse xenografts suggest individually distinct adaptation strategies,31892524,10.6019/PXD013765,Creative Commons Public Domain (CC0),2019-05-08,2020-01-08,Homo sapiens (human),Melanocyte; Melanoma cell,Melanoma,Q Exactive,Shotgun proteomics,MS1 intensity based label-free quantification method,Carbamidomethyl; Oxidation; Acetyl,144,433
PXD013809,Dynamic rewiring of the human interactome by interferon signalling,32539747,,Creative Commons Public Domain (CC0),2020-04-27,2020-05-15,Homo sapiens (human),,,Bruker Daltonics instrument model; Q Exactive,Shotgun proteomics; Affinity purification coupled with mass spectrometry proteomics,MS1 intensity based label-free quantification method; SILAC,No PTMs are included in the dataset,24,65
PXD013923,Global view of the RAF-MEK-ERK module and its immediate downstream effectors,31350469,,Creative Commons Public Domain (CC0),2019-05-20,2019-11-11,Homo sapiens (human),Cell culture; Fibroblast,Skin cancer,Q Exactive,Shotgun proteomics,SILAC,phosphorylated residue,124,141
PXD014145,Depletion of histone methyltransferase KMT9 inhibits lung cancer cell proliferation by inducing non-apoptotic cell death,32095117,,Creative Commons Public Domain (CC0),2019-06-06,2020-05-26,Homo sapiens (human),Cell culture,Non-small cell lung carcinoma,Q Exactive,Shotgun proteomics,TMT,iodoacetamide derivatized residue,12,13
PXD014528,The translational landscape of naïve and primed state pluripotency,32238817,,Creative Commons Public Domain (CC0),2019-07-09,2020-04-03,Mus musculus (mouse),Embryonic stem cell,,Q Exactive,Shotgun proteomics,,No PTMs are included in the dataset,48,53
PXD014557,Microdissected brain tissue Alzheimer's,31699905,,Creative Commons Public Domain (CC0),2019-07-10,2019-11-11,Homo sapiens (human),Brain,Alzheimer's disease,Q Exactive,Shotgun proteomics,TMT,iodoacetamide derivatized residue,40,42
PXD014762,Proteomics on formalin-fixed and stained laser-capure microdissected human lung sections,32565759,,Creative Commons Public Domain (CC0),2019-07-25,2021-09-08,Homo sapiens (human),Lung,,Q Exactive,Shotgun proteomics,,monohydroxylated residue; phosphorylated residue; iodoacetamide derivatized residue,6,15
PXD015272,Fatty-acyl conjugated amino-hexyl agarose pulldown with HeLa SILAC whole cell extract,31578417,,Creative Commons Public Domain (CC0),2019-09-02,2019-10-02,Homo sapiens (human),Cell culture,,Orbitrap Fusion Lumos,Shotgun proteomics,SILAC,No PTMs are included in the dataset,8,10
PXD015289,Unravelling the proteomic landscape of extracellular vesicles in prostate cancer by density-based fractionation of urine,32284825,,Creative Commons Public Domain (CC0),2019-09-03,2020-04-09,Homo sapiens (human),Extracellular vesicle; Urine,Urinary bladder cancer; Prostate cancer; Kidney cancer,Q Exactive,Shotgun proteomics,precursor ion,monohydroxylated residue,306,314
PXD015744,Co-expression analysis of label-free proteomics data reveals prognostic biomarkers in pancreatic ductal adenocarcinoma,32860207,,Creative Commons Public Domain (CC0),2019-10-08,2020-09-01,Homo sapiens (human),Pancreatic ductal cell; Pancreatic ductal adenocarcinoma cell,Pancreatic ductal carcinoma,Q Exactive,Shotgun proteomics,MS1 intensity based label-free quantification method; Spectrum counting,monohydroxylated residue; acetylated residue; iodoacetamide derivatized residue,100,104
PXD015833,An Exported Kinase Family Mediates Species-Specific Erythrocyte Remodelling and Virulence in Human Malaria,32284562,,Creative Commons Public Domain (CC0),2019-10-15,2020-04-17,Plasmodium falciparum (isolate 3d7); Plasmodium knowlesi strain h; Homo sapiens (human),Blood; Erythrocyte,Plasmodium falciparum malaria,Orbitrap Fusion Lumos; Q Exactive,Shotgun proteomics,TMT,phosphorylated residue,124,135
PXD015957,Immunoproteasome expression is associated with better prognosis and response to checkpoint therapies in melanoma,32060274,,Creative Commons Public Domain (CC0),2019-10-22,2020-02-18,Homo sapiens (human),Cell culture; Melanocyte,Melanoma,Q Exactive,Shotgun proteomics,Label free,No PTMs are included in the dataset,30,36
PXD016002,Proteomic analysis of CSF from patients with leptomeningeal melanoma metastases identifies signatures associated with disease progression and therapeutic resistance,31924735,10.6019/PXD016002,Creative Commons Public Domain (CC0),2019-10-24,2020-01-16,Homo sapiens (human),Cerebrospinal fluid,Adult leptomeningeal melanoma,Q Exactive,Shotgun proteomics,TMT,TMT6plex; Carbamidomethyl; Oxidation,168,1177
PXD016837,The melanoma cell line MDA-MB-435 adhesome in long-term culture and its comparison to the adhesome upon integrin αV knockdown,32195252,,Creative Commons Public Domain (CC0),2019-12-19,2020-02-17,Homo sapiens (human),Cell culture; Melanocyte,Melanoma,LTQ Orbitrap Elite,Chemical cross-linking coupled with mass spectrometry proteomics,Spectrum counting,monohydroxylated residue; iodoacetamide derivatized residue,8,17
PXD017035,Simplified Human Intestinal Microbiota (SIHUMIx) LC-MS/MS dataset,31816881,,Creative Commons Public Domain (CC0),2020-02-06,2020-02-06,Lactobacillus plantarum; Anaerostipes caccae dsm 14662; Clostridium butyricum dsm 10702; Erysipelatoclostridium ramosum dsm 1402; Blautia producta atcc 27340 = dsm 2950; Bacteroides thetaiotaomicron; Escherichia coli str. k-12 substr. mg1655; Bifidobacterium longum ncc2705,,,Q Exactive,Shotgun proteomics,,monohydroxylated residue; iodoacetamide derivatized residue,90,183
PXD017201,In-depth plasma proteomics in patients with metastatic cutaneous melanoma treated with immune checkpoint inhibitors or MAPK-inhibitors,32457125,,Creative Commons Public Domain (CC0),2020-07-13,2020-07-13,Homo sapiens (human),Blood plasma,Melanoma; Cutaneous malignant melanoma 1; Skin melanoma,Q Exactive HF,Shotgun proteomics,TMT,TMT6plex-126 reporter+balance reagent acylated residue; monohydroxylated residue; iodoacetamide derivatized residue,360,365
PXD018117,A SARS-CoV-2-Human Protein-Protein Interaction Map Reveals Drug Targets and Potential Drug-Purposing,32511329,,Creative Commons Public Domain (CC0),2020-03-20,2020-03-23,Homo sapiens (human),,,Exactive Plus,Affinity purification coupled with mass spectrometry proteomics,,No PTMs are included in the dataset,98,105
PXD018357,Inhibition of growth factor signaling prevents SARS-CoV-2 replication,32877642,,Creative Commons Public Domain (CC0),2020-04-04,2020-05-15,Homo sapiens (human),Epithelial cell; Colon,Covid-19,Orbitrap Fusion Lumos,Shotgun proteomics,TMT,TMT6plex-126 reporter+balance reagent acylated residue; monohydroxylated residue; phosphorylated residue; acetylated residue; iodoacetamide derivatized residue,28,30
PXD018594,Shotgun proteomics of Vero E6 cells infected by Italy-INMI1 SARS-CoV-2 virus,32619390,10.6019/PXD018594,Creative Commons Public Domain (CC0),2020-06-03,2020-06-03,Chlorocebus aethiops aethiops; Betacoronavirus sp.,Permanent cell line cell,Covid-19,Q Exactive HF,Shotgun proteomics,Spectrum counting,Deamidated; Carbamidomethyl; Oxidation,20,122
PXD018830,DIA-MS analysis of 21 breast cancer tissues,33855848,,Creative Commons Public Domain (CC0),2020-04-27,2021-04-26,Homo sapiens (human),Breast epithelium; Epithelial cell; Breast cancer cell,Breast cancer,Q Exactive,SWATH MS; Shotgun proteomics,SWATH MS; MS1 intensity based label-free quantification method,No PTMs are included in the dataset,301,311
PXD019113,The Global Phosphorylation Landscape of SARS-CoV-2 Infection,32645325,,Creative Commons Public Domain (CC0),2020-05-12,2020-07-06,Cercopithecus aethiops (green monkey) (grivet),Epithelial cell,,Orbitrap Exploris 480,SWATH MS; Shotgun proteomics,Label free,phosphorylated residue,64,79
PXD019394,A Tissue-Specific Atlas of Mouse Protein Phosphorylation and Expression,21183079,,Creative Commons Public Domain (CC0),2020-05-26,2020-05-26,Mus musculus (mouse),Liver; Lung; Kidney; Heart,Disease free,LTQ Orbitrap,Shotgun proteomics,Spectrum counting; Peptide counting,monohydroxylated residue; phosphorylated residue; iodoacetamide derivatized residue,347,352
PXD020187,Proteomic evaluation of decellularized human umbilical artery,32785189,,Creative Commons Public Domain (CC0),2020-07-03,2020-08-10,Homo sapiens (human),Umbilical artery,,LTQ,Shotgun proteomics,,No PTMs are included in the dataset,10,21
PXD021383,Proteomic Profiling of Commercial Dust Mite Skin Prick Test Solutions and Allergy Vaccines from India,33717396,10.6019/PXD021383,Creative Commons Public Domain (CC0),2020-09-10,2021-09-09,Blomia tropicalis; Dermatophagoides,,,Q Exactive,Shotgun proteomics,,iodoacetamide derivatized residue,19,41
PXD021874,"Glycoproteomic analysis of Haloferax volcanii strains H53, DaglB, and Dagl15",34138841,,Creative Commons Public Domain (CC0),2020-10-07,2021-06-20,Haloferax volcanii (halobacterium volcanii),,,Q Exactive HF,Shotgun proteomics,,iodoacetamide derivatized residue,62,67
PXD022741,Categorization of Phosphorylation Site Behavior During the Diauxic Shift in Saccharomyces cerevisiae,33630598,,Creative Commons Public Domain (CC0),2020-11-25,2021-03-04,Saccharomyces cerevisiae (baker's yeast),,,Orbitrap Fusion Lumos,Shotgun proteomics,TMT,monohydroxylated residue; phosphorylated residue; deamidated residue; iodoacetamide derivatized residue,42,127
PXD026287,Two zinc finger proteins with functions in m6A writing interact with HAKAI,35236848,,Creative Commons Public Domain (CC0),2021-05-26,2022-02-09,Arabidopsis thaliana (mouse-ear cress),Plant cell; Whole body,,LTQ Orbitrap Velos,Chemical cross-linking coupled with mass spectrometry proteomics,,monohydroxylated residue; acetylated residue,60,64
PXD028781,Toxoplasma gondii MOB1 interactome,34943148,,Creative Commons Public Domain (CC0),2021-09-27,2022-02-16,Toxoplasma gondii,,,Q Exactive,Shotgun proteomics; Affinity purification coupled with mass spectrometry proteomics,,biotinylated residue,6,13
PXD029966,Establishment of fetomaternal tolerance via glycan-mediated B cell suppression,35236989,,Creative Commons Public Domain (CC0),2021-11-26,2022-01-12,Homo sapiens (human); Mus musculus (mouse),Blood serum,,TripleTOF 6600,Shotgun proteomics,MS1 intensity based label-free quantification method,N-acetylneuraminylated residue,0,99
PXD029997,Global profiling of lysine benzoylation in S. cerevisiae,35296687,10.6019/PXD029997,Creative Commons Public Domain (CC0),2021-11-28,2022-05-20,Saccharomyces cerevisiae (baker's yeast),,,Q Exactive,Shotgun proteomics,,benzoyl labeling reagent light form - site K,19,59
PXD030403,Thyroid Hormone Dependent Transcriptional Programming by TRb Requires SWI/SNF Chromatin Remodelers,35037038,,Creative Commons Public Domain (CC0),2021-12-14,2022-04-04,Homo sapiens (human),Epithelial cell of thyroid gland; Thyroid gland,Thyroid gland disease,LTQ Orbitrap,Gel-based experiment; Affinity purification coupled with mass spectrometry proteomics,Normalized Spectral Abundance Factor - NSAF,biotinylated residue,42,45
PXD031991,A phylogenetic and proteomic reconstruction of eukaryotic chromatin evolution,35680998,,Creative Commons Public Domain (CC0),2022-03-02,2022-08-12,Acanthamoeba castellanii; Sycon ciliatum; Phytophthora infestans; Thecamonas trahens; Chlamydomonas reinhardtii; Physcomitrella; Dictyostelium discoideum (slime mold); Nitrososphaera viennensis; Bigelowiella natans; Methanobrevibacter cuticularis; Gefionella okellyi; Corallochytrium limacisporum; Guillardia theta; Naegleria gruberi; Capsaspora owczarzaki; Emiliania huxleyi; Spizellomyces punctatus; Homo sapiens (human); Methanospirillum stamsii; Thalassiosira pseudonana; Fabomonas tropica,,,Orbitrap Fusion Lumos,Shotgun proteomics,,dimethylated residue; acetylated residue; monomethylated residue,130,164
PXD032098,Structure of the AAA-ATPase Drg1 during extraction of Rlp24 from pre-60S particles,36097293,,Creative Commons Public Domain (CC0),2022-03-07,2022-10-14,Saccharomyces cerevisiae (baker's yeast),,,Orbitrap Fusion,Chemical cross-linking coupled with mass spectrometry proteomics,,iodoacetamide derivatized residue,16,24
PXD034195,Proteome analysis of Desulfuromonas acetexigens,40381216,10.6019/PXD034195,Creative Commons Public Domain (CC0),2022-05-29,2025-06-08,Desulfuromonas acetexigens,,,Orbitrap Fusion Lumos,Shotgun proteomics,,monohydroxylated residue; acetylated residue; deamidated residue; iodoacetamide derivatized residue,20,26
PXD036655,Beta cell dysfunction and dedifferentiation induced by Bone Morphogenetic Protein (BMP)-2 is associated with histone modifications and decreased NeuroD1 chromatin binding,37407581,,Creative Commons Public Domain (CC0),2022-09-12,2023-07-20,Mus musculus (mouse),Pancreas development,Type 2 diabetes mellitus,Orbitrap Fusion Lumos,Shotgun proteomics,TMT,No PTMs are included in the dataset,13,15
PXD036832,A pharmacoproteomic landscape of organotypic intervention responses in gram-negative sepsis,37330510,,Creative Commons Public Domain (CC0),2022-09-18,2023-05-10,Mus musculus (mouse),Spleen; Liver; Lung; Kidney; Primary cell; Heart; Blood plasma,Bacterial sepsis,Q Exactive HF-X,Shotgun proteomics,Spectrum counting,acetylated residue,160,173
PXD039898,Structure and antigenicity of divergent Henipavirus fusion glycoproteins,37328468,,Creative Commons Public Domain (CC0),2023-02-06,2023-05-03,Cricetulus griseus (chinese hamster) (cricetulus barabensis griseus),,,TripleTOF 5600,Shotgun proteomics,,monohydroxylated residue; S-carboxamidoethyl-L-cysteine; deamidated residue,0,30
PXD040176,Composition of the mitoribosome of Diplonema papillatum,37207340,,Creative Commons Public Domain (CC0),2023-02-16,2023-10-24,Diplonema papillatum,,,Orbitrap Fusion,Shotgun proteomics; Affinity purification coupled with mass spectrometry proteomics,Spectrum count/molecular weight,monohydroxylated residue; phosphorylated residue; acetylated residue; (R)-5-oxo-1; iodoacetamide derivatized residue,20,82
PXD040722,The mouse aging proteomic atlas,39353907,,Creative Commons Public Domain (CC0),2023-03-09,2024-09-17,Mus musculus (mouse),Skin; Lung; Kidney; Heart,,Orbitrap Fusion Lumos,Shotgun proteomics,,TMT6plex-126 reporter+balance reagent acylated residue,197,400
PXD041681,Changes in the proteome of platelets from patients with critical progression of COVID-19,37681923,10.6019/PXD041681,Creative Commons Public Domain (CC0),2023-04-20,2023-10-24,Homo sapiens (human),Platelet; Blood platelet,Coronavirus infectious disease,Orbitrap Fusion Lumos,Shotgun proteomics,Label free,monohydroxylated residue; iodoacetamide derivatized residue,43,51
PXD042574,Limited proteolysis-mass spectrometry of saliva maps proteome-wide structural changes associated with oral cancer aggressiveness.,38785273,,Creative Commons Public Domain (CC0),2023-05-31,2025-03-11,Homo sapiens (human),Saliva,Oral cavity cancer,LTQ Orbitrap Velos,Shotgun proteomics,MS1 intensity based label-free quantification method,monohydroxylated residue; iodoacetamide derivatized residue,39,71
PXD043392,N-terminus of Spt16 anchors FACT to Mcm2 for parental histone recycling,37850662,,Creative Commons Public Domain (CC0),2023-06-29,2024-01-26,Saccharomyces cerevisiae (baker's yeast),Cell culture,,Orbitrap Fusion Lumos,Affinity purification coupled with mass spectrometry proteomics,,No PTMs are included in the dataset,36,38
PXD060381,CRISPR/dCAS9 genomic engineering for boosting the therapeutic potential of Extracellular Vesicles,39949490,,Creative Commons Public Domain (CC0),2025-01-30,2025-05-07,Homo sapiens (human),Cell culture; Stem cell,,Orbitrap Astral,Data-independent acquisition,,monohydroxylated residue; iodoacetamide derivatized residue,9,24
