field,kind,n_both,scored,agree,partial,disagree,agree_share,partial_share,disagree_share
biological_replicate,numeric,241,205,176,6,23,0.859,0.029,0.112
experimental_design,exact,885,885,708,0,177,0.8,0.0,0.2
factor_value,lin,792,522,199,44,279,0.381,0.084,0.534
number_of_biological_replicates,numeric,385,384,287,14,83,0.747,0.036,0.216
number_of_fractions,numeric,168,168,151,1,16,0.899,0.006,0.095
number_of_samples,numeric,384,384,275,7,102,0.716,0.018,0.266
number_of_technical_replicates,numeric,141,141,128,5,8,0.908,0.035,0.057
technical_replicate,numeric,131,130,118,3,9,0.908,0.023,0.069
technology_type,lin,1290,1277,630,544,103,0.493,0.426,0.081
