pxd,Adipose tissue,Adrenal gland,Appendix,Bone marrow,Brain,Colon,Duodenum,Endometrium,Esophagus,Heart,Kidney,Liver,Lung,Lymph node,Ovary,Oviduct,Pituitary gland,Placenta,Prostate,Rectum,Salivary gland,Small intestine,Spleen,Stomach,Testis,Thyroid,Tonsil,Urinary bladder,unresolved
PXD010296,,,,,,,,,,,,,,17.0,,,,,,,,,18.0,,,,,,6.0
PXD048647,,,,,,15.0,,,,,,,,,,,,,,0.0,,,,,,,,,5.0
PXD006401,,,,,,,,,,,0.0,,,,,,,,,,,,,,,,14.0,,0.0
PXD048734,,,,,,7.0,,,1.0,,5.0,9.0,32.0,,1.0,,,,,,,,,3.0,,,,,0.0
PXD005693,,,,,,11.0,,,,,,0.0,,,,,,,,,,,,,,,,,2.0
PXD010271,,,,,30.0,,,,,,,30.0,,,25.0,,,,,,,,,,,,,,27.0
PXD020192,,,,0.0,16.0,9.0,,,,11.0,3.0,8.0,33.0,0.0,,,,2.0,,,,,2.0,,6.0,,,,0.0
PXD000561,,3.0,,,7.0,8.0,,,4.0,9.0,8.0,7.0,19.0,,0.0,,,3.0,2.0,0.0,,,,,12.0,,,2.0,1.0
PXD010154,1.0,1.0,1.0,1.0,1.0,3.0,0.0,2.0,2.0,1.0,1.0,4.0,4.0,1.0,1.0,1.0,2.0,2.0,1.0,0.0,1.0,2.0,1.0,2.0,1.0,1.0,1.0,1.0,0.0
